title,words,kind
The Sun Also Rises,Robert Cohn,person
The Sun Also Rises,Spider Kellys,person
The Sun Also Rises,Spider Kelly,person
The Sun Also Rises,Cohn,person
The Sun Also Rises,Frances,person
The Sun Also Rises,Robert,person
The Sun Also Rises,Saint Odile,person
The Sun Also Rises,Jacob Barnes,person
The Sun Also Rises,Frances Clyne,person
The Sun Also Rises,Mrs Braddocks,person
The Sun Also Rises,Barnes,person
The Sun Also Rises,Henry,person
The Sun Also Rises,Montagne Sainte Genevieve,person
The Sun Also Rises,Robert Prentiss,person
The Sun Also Rises,Georgette,person
The Sun Also Rises,Brett,person
The Sun Also Rises,Monsieur,person
The Sun Also Rises,Count Mippipopolous,person
The Sun Also Rises,Seen Cohn,person
The Sun Also Rises,Mike,person
The Sun Also Rises,Statue,person
The Sun Also Rises,Monsieur Barnes,person
The Sun Also Rises,Madeleine,person
The Sun Also Rises,Lucky,person
The Sun Also Rises,Brett Ashley,person
The Sun Also Rises,Mike Campbell,person
The Sun Also Rises,Ashley,person
The Sun Also Rises,Jack Rose,person
The Sun Also Rises,Harvey Stone,person
The Sun Also Rises,Harvey,person
The Sun Also Rises,Alexander Hamilton Institute,person
The Sun Also Rises,Robert Harvey,person
The Sun Also Rises,Paula,person
The Sun Also Rises,Bill Gorton,person
The Sun Also Rises,Michael,person
The Sun Also Rises,Mr Barnes,person
The Sun Also Rises,I Never,person
The Sun Also Rises,Bill,person
The Sun Also Rises,Tiger Flowers,person
The Sun Also Rises,Mister Gorton,person
The Sun Also Rises,Nice,person
The Sun Also Rises,George,person
The Sun Also Rises,Jack Roses,person
The Sun Also Rises,Bethune,person
The Sun Also Rises,Rue Saint Jacques,person
The Sun Also Rises,Val de Grace,person
The Sun Also Rises,Campbell,person
The Sun Also Rises,Hubert,person
The Sun Also Rises,Robert Cohnnor,person
The Sun Also Rises,Jefferson Davis,person
The Sun Also Rises,Bryan,person
The Sun Also Rises,Wayne,person
The Sun Also Rises,Harris,person
The Sun Also Rises,Jean Pied de Port,person
The Sun Also Rises,Jake,person
The Sun Also Rises,Tues,person
The Sun Also Rises,Jueves Cohn,person
The Sun Also Rises,Wilson Harris,person
The Sun Also Rises,Mr Cohn,person
The Sun Also Rises,Mr Campbell,person
The Sun Also Rises,Henry Wilson,person
The Sun Also Rises,Wait,person
The Sun Also Rises,Mark,person
The Sun Also Rises,Funny,person
The Sun Also Rises,Robert Mike,person
The Sun Also Rises,Pedro Romero,person
The Sun Also Rises,Does Cohn,person
The Sun Also Rises,Val Carlos,person
The Sun Also Rises,Don Manuel Orquito,person
The Sun Also Rises,Don Manuel,person
The Sun Also Rises,Brett and Pedro Romero,person
The Sun Also Rises,Vicente Girones,person
The Sun Also Rises,Then Cohn,person
The Sun Also Rises,Is Cohn,person
The Sun Also Rises,Belmonte,person
The Sun Also Rises,Romero,person
The Sun Also Rises,Marcial,person
The Sun Also Rises,Saint Jean de Luz,person
The Sun Also Rises,Saint Jean,person
The Sun Also Rises,Jean,person
The Sun Also Rises,Negre,person
The Sun Also Rises,Lord Ashley,person
The Sun Also Rises,Lord,person
The Old Man and the Sea,Rogelio,person
The Old Man and the Sea,John,person
The Old Man and the Sea,Mike Gonzalez,person
The Old Man and the Sea,Mary,person
The Old Man and the Sea,101,person
The Old Man and the Sea,Pedro,person
For Whom The Bell Tolls,Roberto,person
For Whom The Bell Tolls,Wait,person
For Whom The Bell Tolls,Robert Jordan,person
For Whom The Bell Tolls,Pablo,person
For Whom The Bell Tolls,Santa Maria del Real,person
For Whom The Bell Tolls,Pauvre Pablo,person
For Whom The Bell Tolls,Rafael,person
For Whom The Bell Tolls,Maria,person
For Whom The Bell Tolls,Of Pablo,person
For Whom The Bell Tolls,Lewis,person
For Whom The Bell Tolls,Robert Jordan Could,person
For Whom The Bell Tolls,This Pablo,person
For Whom The Bell Tolls,Cite,person
For Whom The Bell Tolls,Anselmo,person
For Whom The Bell Tolls,Old Pablo,person
For Whom The Bell Tolls,Finito,person
For Whom The Bell Tolls,Only Pablo,person
For Whom The Bell Tolls,Don Roberto,person
For Whom The Bell Tolls,Don Pablo,person
For Whom The Bell Tolls,Pilar,person
For Whom The Bell Tolls,Fernando,person
For Whom The Bell Tolls,Don Juan Tenorio,person
For Whom The Bell Tolls,But Pablo,person
For Whom The Bell Tolls,Then Pablo,person
For Whom The Bell Tolls,Don Guillermo Martin,person
For Whom The Bell Tolls,Surely,person
For Whom The Bell Tolls,Don Benito Garcia,person
For Whom The Bell Tolls,Don Benito,person
For Whom The Bell Tolls,Don Federico Gonzalez,person
For Whom The Bell Tolls,Don Federico,person
For Whom The Bell Tolls,Cuatro Dedos,person
For Whom The Bell Tolls,Don Ricardo Montalvo,person
For Whom The Bell Tolls,Don,person
For Whom The Bell Tolls,Ricardo,person
For Whom The Bell Tolls,Don Ricardo,person
For Whom The Bell Tolls,Lord,person
For Whom The Bell Tolls,Don Faustino Rivero,person
For Whom The Bell Tolls,Don Celestino Rivero,person
For Whom The Bell Tolls,Don Faustino,person
For Whom The Bell Tolls,Don Guillermo,person
For Whom The Bell Tolls,Don Anastasio Rivas,person
For Whom The Bell Tolls,Don Anastasio,person
For Whom The Bell Tolls,Don Jos Castro,person
For Whom The Bell Tolls,Don Pepe,person
For Whom The Bell Tolls,Jack Gilbert,person
For Whom The Bell Tolls,Ranch,person
For Whom The Bell Tolls,And Pablo,person
For Whom The Bell Tolls,Tonight,person
For Whom The Bell Tolls,Robert,person
For Whom The Bell Tolls,Jordan,person
For Whom The Bell Tolls,Ingls,person
For Whom The Bell Tolls,With Maria,person
For Whom The Bell Tolls,Doctor,person
For Whom The Bell Tolls,Maria I,person
For Whom The Bell Tolls,Vie,person
For Whom The Bell Tolls,You blearyeyed,person
For Whom The Bell Tolls,Juan March,person
For Whom The Bell Tolls,Mercedes,person
For Whom The Bell Tolls,Ask Pilar,person
For Whom The Bell Tolls,Hunt,person
For Whom The Bell Tolls,Grant,person
For Whom The Bell Tolls,Karkov,person
For Whom The Bell Tolls,Valentin Gonzalez,person
For Whom The Bell Tolls,Enrique Lister,person
For Whom The Bell Tolls,Juan Modesto,person
For Whom The Bell Tolls,Sherman,person
For Whom The Bell Tolls,Hans,person
For Whom The Bell Tolls,Bach,person
For Whom The Bell Tolls,Mitchell,person
For Whom The Bell Tolls,Comrade Jordan,person
For Whom The Bell Tolls,Emil Burns,person
For Whom The Bell Tolls,Walter,person
For Whom The Bell Tolls,Jean de Luz,person
For Whom The Bell Tolls,Juan Luis,person
For Whom The Bell Tolls,Rosa,person
For Whom The Bell Tolls,Ignacio Sanchez Mejias,person
For Whom The Bell Tolls,Felipe Gonzalez,person
For Whom The Bell Tolls,Pilar Fernando,person
For Whom The Bell Tolls,Plus Pablo,person
For Whom The Bell Tolls,Not Pablo,person
For Whom The Bell Tolls,Sordo,person
For Whom The Bell Tolls,Lord Ingls,person
For Whom The Bell Tolls,Saint Anthony,person
For Whom The Bell Tolls,Lieutenant Berrendo,person
For Whom The Bell Tolls,Mary,person
For Whom The Bell Tolls,Smith,person
For Whom The Bell Tolls,Bob,person
For Whom The Bell Tolls,Horn,person
For Whom The Bell Tolls,George Custer,person
For Whom The Bell Tolls,Phil Sheridan,person
For Whom The Bell Tolls,Jeb Stuart,person
For Whom The Bell Tolls,John Mosby,person
For Whom The Bell Tolls,Wellington,person
For Whom The Bell Tolls,Richard,person
For Whom The Bell Tolls,Eladio,person
For Whom The Bell Tolls,Pablo Iglesias,person
For Whom The Bell Tolls,Peter,person
For Whom The Bell Tolls,Paul,person
For Whom The Bell Tolls,Gloria,person
For Whom The Bell Tolls,Cruz,person
For Whom The Bell Tolls,Guy,person
For Whom The Bell Tolls,Mike,person
For Whom The Bell Tolls,Alejandro,person
For Whom The Bell Tolls,Pablo Fernando,person
For Whom The Bell Tolls,Judas Iscariot,person
For Whom The Bell Tolls,No Pablo,person
For Whom The Bell Tolls,Seeing Pablo,person
For Whom The Bell Tolls,Gomez,person
For Whom The Bell Tolls,Mundo Obrero,person
For Whom The Bell Tolls,Captain Gomez,person
For Whom The Bell Tolls,Rogelio Gomez,person
For Whom The Bell Tolls,Marty,person
For Whom The Bell Tolls,Comrade Marty,person
For Whom The Bell Tolls,Hungarians,person
For Whom The Bell Tolls,Stalin,person
For Whom The Bell Tolls,Duval,person
For Whom The Bell Tolls,Agustn,person
For Whom The Bell Tolls,As Pablo,person
For Whom The Bell Tolls,Gallop,person
A Farewell to Arms,Franz Joseph,person
A Farewell to Arms,Bring Caruso,person
A Farewell to Arms,Florence,person
A Farewell to Arms,Rome,person
A Farewell to Arms,Firenze,person
A Farewell to Arms,Miss Barkley,person
A Farewell to Arms,Hugo,person
A Farewell to Arms,Wait,person
A Farewell to Arms,Barkley,person
A Farewell to Arms,Helen Ferguson,person
A Farewell to Arms,Miss Ferguson,person
A Farewell to Arms,Ferguson,person
A Farewell to Arms,Helen,person
A Farewell to Arms,Mr Henry,person
A Farewell to Arms,Catherine,person
A Farewell to Arms,Catherine Barkley,person
A Farewell to Arms,Napoleon,person
A Farewell to Arms,Frederico Enrico,person
A Farewell to Arms,Rinaldi,person
A Farewell to Arms,Saint Anthony,person
A Farewell to Arms,The Saint Anthony,person
A Farewell to Arms,Tenente,person
A Farewell to Arms,Mia,person
A Farewell to Arms,Maria,person
A Farewell to Arms,Mary,person
A Farewell to Arms,Passini,person
A Farewell to Arms,Manera,person
A Farewell to Arms,Wilson,person
A Farewell to Arms,Don,person
A Farewell to Arms,Walker,person
A Farewell to Arms,Mrs Walker,person
A Farewell to Arms,Henry,person
A Farewell to Arms,Frederic Henry,person
A Farewell to Arms,Van Campen,person
A Farewell to Arms,Gage,person
A Farewell to Arms,Dr Valentini,person
A Farewell to Arms,Fergy,person
A Farewell to Arms,George,person
A Farewell to Arms,Ralph Simmons,person
A Farewell to Arms,Edgar Saunders,person
A Farewell to Arms,Mac,person
A Farewell to Arms,Saunders,person
A Farewell to Arms,Fred,person
A Farewell to Arms,Ettore,person
A Farewell to Arms,Crowell Rodgers,person
A Farewell to Arms,Japalac,person
A Farewell to Arms,Italians,person
A Farewell to Arms,Hun,person
A Farewell to Arms,Babe Ruth,person
A Farewell to Arms,Wine,person
A Farewell to Arms,Goodby,person
A Farewell to Arms,Saint Paul,person
A Farewell to Arms,That Saint Paul,person
A Farewell to Arms,Peter,person
A Farewell to Arms,Monte Maggiore,person
A Farewell to Arms,Piani,person
A Farewell to Arms,Luigi,person
A Farewell to Arms,Sim,person
A Farewell to Arms,Count Greffi,person
A Farewell to Arms,Cat,person
A Farewell to Arms,Catherine Henry,person
The Garden of Eden,Ernest Hemingway,person
The Garden of Eden,Aigues Mortes,person
The Garden of Eden,Van Gogh,person
The Garden of Eden,David Bourne,person
The Garden of Eden,Andre,person
The Garden of Eden,David,person
The Garden of Eden,Dave,person
The Garden of Eden,Peter,person
The Garden of Eden,Catherine,person
The Garden of Eden,Monsieur,person
The Garden of Eden,Truly David,person
The Garden of Eden,John Boyle,person
The Garden of Eden,Catherine Hill,person
The Garden of Eden,John,person
The Garden of Eden,Ask David,person
The Garden of Eden,Monsieur Jean,person
The Garden of Eden,Jean,person
The Garden of Eden,Monsieur Aurol,person
The Garden of Eden,Jeans,person
The Garden of Eden,Monsieur J3ourne,person
The Garden of Eden,Tom Collins,person
The Garden of Eden,Wade,person
The Garden of Eden,Davey,person
The Garden of Eden,Marita,person
The Garden of Eden,Ask Juma,person
The Garden of Eden,Marie Laurencin,person
The Garden of Eden,Dufy,person
The Garden of Eden,Picasso,person
The Garden of Eden,Saint Raphael,person
The Garden of Eden,Perrier,person
The Garden of Eden,Harper,person
This Side of Paradise,Brooke,person
This Side of Paradise,Beatrice Amory Blaine,person
This Side of Paradise,Byron,person
This Side of Paradise,Beatrice ara,person
This Side of Paradise,Stephen Blaine,person
This Side of Paradise,Beatrice Blaine,person
This Side of Paradise,Frank,person
This Side of Paradise,Beatrice,person
This Side of Paradise,Amory,person
This Side of Paradise,Mozart,person
This Side of Paradise,Beethoven,person
This Side of Paradise,Bobby,person
This Side of Paradise,Barbara,person
This Side of Paradise,Bishop Wiston,person
This Side of Paradise,Mrs Blaine,person
This Side of Paradise,Daniel,person
This Side of Paradise,Amory Blaine,person
This Side of Paradise,Myra,person
This Side of Paradise,Mike,person
This Side of Paradise,Richard,person
This Side of Paradise,Froggy Parker,person
This Side of Paradise,Count Del Monte,person
This Side of Paradise,Count,person
This Side of Paradise,Frog Parker,person
This Side of Paradise,Sallee,person
This Side of Paradise,Christie Mathewson,person
This Side of Paradise,Mary Ware,person
This Side of Paradise,Mary Roberts Rinehart,person
This Side of Paradise,Beatricepoor Beatrice,person
This Side of Paradise,Taft,person
This Side of Paradise,Choate,person
This Side of Paradise,Kent,person
This Side of Paradise,Biltmore Teas,person
This Side of Paradise,Bernard Shaw,person
This Side of Paradise,Nigel,person
This Side of Paradise,Doctor Dougall,person
This Side of Paradise,George M Cohan,person
This Side of Paradise,Roland,person
This Side of Paradise,Ted Coy,person
This Side of Paradise,Robert Chambers,person
This Side of Paradise,David Graham Phillips,person
This Side of Paradise,E Phillips,person
This Side of Paradise,Ted Converse,person
This Side of Paradise,Kerry,person
This Side of Paradise,Booth Tarkington,person
This Side of Paradise,Campbell Arch,person
This Side of Paradise,Seventynine Hall,person
This Side of Paradise,Paul,person
This Side of Paradise,Kerry Holiday,person
This Side of Paradise,Tiger Inn,person
This Side of Paradise,White,person
This Side of Paradise,Bella Cunizza,person
This Side of Paradise,Sally Weatherbyshe,person
This Side of Paradise,Honestly,person
This Side of Paradise,Joe,person
This Side of Paradise,Warren,person
This Side of Paradise,Shaw,person
This Side of Paradise,Stephen Phillips,person
This Side of Paradise,Shakespeare,person
This Side of Paradise,Milton,person
This Side of Paradise,Phillips,person
This Side of Paradise,David Graham,person
This Side of Paradise,Thomas Parke nvilliers,person
This Side of Paradise,Dorian Gray,person
This Side of Paradise,Ernest Dowson,person
This Side of Paradise,Arthur Symons,person
This Side of Paradise,Robert Hugh Benson,person
This Side of Paradise,Tom nvilliers,person
This Side of Paradise,Tom,person
This Side of Paradise,Lord Henry,person
This Side of Paradise,Lord Dunsany,person
This Side of Paradise,Lord,person
This Side of Paradise,Doctor Johnson,person
This Side of Paradise,Boiling Oil,person
This Side of Paradise,Sally Weatherby,person
This Side of Paradise,Isabelle Borge,person
This Side of Paradise,Sally,person
This Side of Paradise,Tiger,person
This Side of Paradise,Campbell Hall,person
This Side of Paradise,Dick Humbird,person
This Side of Paradise,Jesse Ferrenby,person
This Side of Paradise,Blossom,person
This Side of Paradise,Love Moon,person
This Side of Paradise,Goodby,person
This Side of Paradise,Franks,person
This Side of Paradise,Marty Kaye,person
This Side of Paradise,Dick,person
This Side of Paradise,Kaye,person
This Side of Paradise,Mrs Borge,person
This Side of Paradise,Browning,person
This Side of Paradise,Fred Sloane,person
This Side of Paradise,Mr Barton,person
This Side of Paradise,Barton,person
This Side of Paradise,Leonardo da Vinci,person
This Side of Paradise,Walter Pater,person
This Side of Paradise,Theophile Gautier,person
This Side of Paradise,O Henry,person
This Side of Paradise,John Fox,person
This Side of Paradise,Richard Harding Davis,person
This Side of Paradise,James Whitcomb Riley,person
This Side of Paradise,Rupert Brooke,person
This Side of Paradise,Shelley,person
This Side of Paradise,Alexander Pope,person
This Side of Paradise,Tune,person
This Side of Paradise,Fred,person
This Side of Paradise,Axia,person
This Side of Paradise,Sloane,person
This Side of Paradise,Edward Carpenter,person
This Side of Paradise,Whitman,person
This Side of Paradise,Anna Karenina,person
This Side of Paradise,Ralph Adams Cram,person
This Side of Paradise,Dean Hollister,person
This Side of Paradise,Burne,person
This Side of Paradise,Phyllis,person
This Side of Paradise,Jesse,person
This Side of Paradise,Oliver Cromwell,person
This Side of Paradise,Pete,person
This Side of Paradise,Matthew,person
This Side of Paradise,Oliver Lodge,person
This Side of Paradise,Clara Page,person
This Side of Paradise,Clara,person
This Side of Paradise,Adam,person
This Side of Paradise,Surely,person
This Side of Paradise,Joseph,person
This Side of Paradise,Stephen,person
This Side of Paradise,Blair Arch,person
This Side of Paradise,Alexander Hall,person
This Side of Paradise,Alec,person
This Side of Paradise,Proofs,person
This Side of Paradise,Butterfly,person
This Side of Paradise,Von Hindenburg,person
This Side of Paradise,Tom and Amory,person
This Side of Paradise,Harry Lee,person
This Side of Paradise,Aaron Burr,person
This Side of Paradise,Angus Oge Angus,person
This Side of Paradise,Mary,person
This Side of Paradise,Patrick,person
This Side of Paradise,Donald Hankey,person
This Side of Paradise,Mrs Connage,person
This Side of Paradise,ScoreHome Team,person
This Side of Paradise,Howard Gillespie,person
This Side of Paradise,Annette Kellerman,person
This Side of Paradise,Howard,person
This Side of Paradise,Ella Wheeler Wilcox,person
This Side of Paradise,Maxfield Parrish,person
This Side of Paradise,Cole,person
This Side of Paradise,Jim Wilsonyou,person
This Side of Paradise,Jim,person
This Side of Paradise,Wilson,person
This Side of Paradise,Tyson,person
This Side of Paradise,Margaret Diamond,person
This Side of Paradise,Mr Barlow,person
This Side of Paradise,Joan,person
This Side of Paradise,Peter,person
This Side of Paradise,Galsworthy,person
This Side of Paradise,Bennett,person
This Side of Paradise,Mrs Lawrence,person
This Side of Paradise,Lawrence,person
This Side of Paradise,Stephen Vincent Benet,person
This Side of Paradise,Edward Carson,person
This Side of Paradise,Vinci,person
This Side of Paradise,Trotsky,person
This Side of Paradise,Lenin,person
This Side of Paradise,Tom dInvilliers,person
This Side of Paradise,Fanny Hurst,person
This Side of Paradise,Mary Roberts Rinehartnot,person
This Side of Paradise,Harold Bell Wright,person
This Side of Paradise,Rupert Hughes,person
This Side of Paradise,Ernest Poole,person
This Side of Paradise,Dorothy Canfield,person
This Side of Paradise,Conrad,person
This Side of Paradise,Tommy,person
This Side of Paradise,Hearst Reviewers,person
This Side of Paradise,Walter Arensberg,person
This Side of Paradise,Alfred Kreymborg,person
This Side of Paradise,Carl Sandburg,person
This Side of Paradise,Louis Untermeyer,person
This Side of Paradise,Eunice Tietjens,person
This Side of Paradise,Clara Shanafelt,person
This Side of Paradise,James Oppenheim,person
This Side of Paradise,Maxwell Bodenheim,person
This Side of Paradise,Richard Glaenzer,person
This Side of Paradise,Scharmel Iris,person
This Side of Paradise,Conrad Aiken,person
This Side of Paradise,Edgar Lee Masters,person
This Side of Paradise,James,person
This Side of Paradise,Irony,person
This Side of Paradise,Les,person
This Side of Paradise,Don Juan,person
This Side of Paradise,Juan,person
This Side of Paradise,Benvenuto Cellini,person
This Side of Paradise,Eleanor Savage,person
This Side of Paradise,Easter,person
This Side of Paradise,Eleanor,person
This Side of Paradise,Harper,person
This Side of Paradise,Plato,person
This Side of Paradise,Oscar Wilde,person
This Side of Paradise,Will I,person
This Side of Paradise,Faint,person
This Side of Paradise,Wait,person
This Side of Paradise,Wayne,person
This Side of Paradise,Jill,person
This Side of Paradise,Doug Fairbanks,person
This Side of Paradise,Olson,person
This Side of Paradise,John Smith,person
This Side of Paradise,Mary Brown,person
This Side of Paradise,Sarah Murphy,person
This Side of Paradise,Stella Robbins,person
This Side of Paradise,Dawn,person
This Side of Paradise,Rosalind,person
This Side of Paradise,J Dawson Ryder,person
This Side of Paradise,Henry,person
This Side of Paradise,Sarah,person
This Side of Paradise,Don Juans,person
This Side of Paradise,Samuel Butler,person
This Side of Paradise,Newman,person
This Side of Paradise,Monsignor,person
This Side of Paradise,Frost,person
This Side of Paradise,Groton,person
This Side of Paradise,Lewis,person
This Side of Paradise,William Dayfield,person
This Side of Paradise,Borge,person
The Beautiful and Damned,Edmund Wilson,person
The Beautiful and Damned,Arnold Gingrich,person
The Beautiful and Damned,Frances Fitzgerald Lanahan,person
The Beautiful and Damned,Arthur Mizener,person
The Beautiful and Damned,Malcolm Cowley Stories,person
The Beautiful and Damned,Anthony Patch,person
The Beautiful and Damned,Anthony Patchnot,person
The Beautiful and Damned,Adam,person
The Beautiful and Damned,Adam J Patch,person
The Beautiful and Damned,Anthony Comstock,person
The Beautiful and Damned,Adam Patch,person
The Beautiful and Damned,Alicia Withers,person
The Beautiful and Damned,Adam Ulysses Patch,person
The Beautiful and Damned,Henrietta Lebrune,person
The Beautiful and Damned,Anthony Comstock Patch,person
The Beautiful and Damned,Anthony,person
The Beautiful and Damned,Lord Fauntleroy,person
The Beautiful and Damned,Hardy,person
The Beautiful and Damned,Noble,person
The Beautiful and Damned,Julia Sanderson,person
The Beautiful and Damned,Ina Claire,person
The Beautiful and Damned,Edward Shuttleworthwho,person
The Beautiful and Damned,Hazel Dawn,person
The Beautiful and Damned,Dick Caramel,person
The Beautiful and Damned,Dick,person
The Beautiful and Damned,Shaw,person
The Beautiful and Damned,Art,person
The Beautiful and Damned,Lord,person
The Beautiful and Damned,Richard Caramel,person
The Beautiful and Damned,Gloria,person
The Beautiful and Damned,Gilbert,person
The Beautiful and Damned,Richard,person
The Beautiful and Damned,Mrs Gilbert,person
The Beautiful and Damned,Aunt Catherine,person
The Beautiful and Damned,Mr Gilbert,person
The Beautiful and Damned,Tom Collinses,person
The Beautiful and Damned,Geraldine,person
The Beautiful and Damned,Samuel Butler,person
The Beautiful and Damned,Gloria Gilbert,person
The Beautiful and Damned,Lord Verulamhe,person
The Beautiful and Damned,Aliceblue,person
The Beautiful and Damned,Jinks,person
The Beautiful and Damned,Jerry Jinks,person
The Beautiful and Damned,Peter,person
The Beautiful and Damned,Barbara,person
The Beautiful and Damned,Jewel,person
The Beautiful and Damned,Earl,person
The Beautiful and Damned,Shakespeare,person
The Beautiful and Damned,Carter Kirby,person
The Beautiful and Damned,Justine Johnson,person
The Beautiful and Damned,Joseph Bloeckman,person
The Beautiful and Damned,Geraldine Burke,person
The Beautiful and Damned,But Geraldine,person
The Beautiful and Damned,Omar,person
The Beautiful and Damned,Stuart Holcome,person
The Beautiful and Damned,Bloeckman,person
The Beautiful and Damned,Muriel Kane,person
The Beautiful and Damned,Helen,person
The Beautiful and Damned,Alice Blue,person
The Beautiful and Damned,Peace,person
The Beautiful and Damned,Rachael,person
The Beautiful and Damned,Annie,person
The Beautiful and Damned,Hunt,person
The Beautiful and Damned,Don Juan,person
The Beautiful and Damned,Jim Parsons,person
The Beautiful and Damned,Kenneth Cowan,person
The Beautiful and Damned,Carter Kirbyhe,person
The Beautiful and Damned,Larry Fenwick,person
The Beautiful and Damned,Bill Carstairs,person
The Beautiful and Damned,Bob Lamar,person
The Beautiful and Damned,George,person
The Beautiful and Damned,Charlie McIntyre,person
The Beautiful and Damned,Lee,person
The Beautiful and Damned,Paul Revere,person
The Beautiful and Damned,Percy Wolcott,person
The Beautiful and Damned,Beatrice Fairfax,person
The Beautiful and Damned,Al Jolson,person
The Beautiful and Damned,Abraham Lincoln,person
The Beautiful and Damned,Critique,person
The Beautiful and Damned,Eric Merriam,person
The Beautiful and Damned,Constance Merriam,person
The Beautiful and Damned,Barnes,person
The Beautiful and Damned,Edward Shuttleworth,person
The Beautiful and Damned,Pats Place,person
The Beautiful and Damned,Jordan,person
The Beautiful and Damned,William Jordan,person
The Beautiful and Damned,Mary Pickford,person
The Beautiful and Damned,Wait,person
The Beautiful and Damned,Ask Bounds,person
The Beautiful and Damned,Mark Twain,person
The Beautiful and Damned,Wilson,person
The Beautiful and Damned,Kahler,person
The Beautiful and Damned,Hugo,person
The Beautiful and Damned,Mr Carnegie,person
The Beautiful and Damned,Mr Hardy,person
The Beautiful and Damned,Mr Wilson,person
The Beautiful and Damned,Joe Hull,person
The Beautiful and Damned,Hull,person
The Beautiful and Damned,Daisy Dear,person
The Beautiful and Damned,Peter Granby,person
The Beautiful and Damned,Shelley,person
The Beautiful and Damned,Milton,person
The Beautiful and Damned,Browning,person
The Beautiful and Damned,Byron,person
The Beautiful and Damned,Smith,person
The Beautiful and Damned,Jones,person
The Beautiful and Damned,Missays Barnes,person
The Beautiful and Damned,Miss Kane,person
The Beautiful and Damned,Vera,person
The Beautiful and Damned,Fred Paramore,person
The Beautiful and Damned,Robert,person
The Beautiful and Damned,UncI,person
The Beautiful and Damned,Fred,person
The Beautiful and Damned,Ladies,person
The Beautiful and Damned,David,person
The Beautiful and Damned,Frederick,person
The Beautiful and Damned,Newman,person
The Beautiful and Damned,Butterfly,person
The Beautiful and Damned,Rachael Barnes,person
The Beautiful and Damned,Calvin Boyd,person
The Beautiful and Damned,Eugene Bronson,person
The Beautiful and Damned,Mr Haight,person
The Beautiful and Damned,Joan,person
The Beautiful and Damned,Russel Gilbert,person
The Beautiful and Damned,Wine,person
The Beautiful and Damned,Hopkins,person
The Beautiful and Damned,Dorothy Raycroft,person
The Beautiful and Damned,Mark,person
The Beautiful and Damned,Gardens,person
The Beautiful and Damned,Foley,person
The Beautiful and Damned,Company Q,person
The Beautiful and Damned,Camp Mills,person
The Beautiful and Damned,Mr Crawford,person
The Beautiful and Damned,Rodman,person
The Beautiful and Damned,Captain Collins,person
The Beautiful and Damned,Wolf,person
The Beautiful and Damned,Collins,person
The Beautiful and Damned,Captain Wolf,person
The Beautiful and Damned,John,person
The Beautiful and Damned,John D Napoleon,person
The Beautiful and Damned,Sammy Carleton,person
The Beautiful and Damned,Sammy,person
The Beautiful and Damned,Babe Ruth,person
The Beautiful and Damned,Jack Dempsey,person
The Beautiful and Damned,McGovern,person
The Beautiful and Damned,Joseph Black,person
The Beautiful and Damned,Anyway Percy,person
The Beautiful and Damned,Mack Dodge He,person
The Beautiful and Damned,Mack Dodge Company,person
The Beautiful and Damned,Mr Debris,person
The Beautiful and Damned,Barbara Wainwright,person
The Beautiful and Damned,Parker Allison,person
The Beautiful and Damned,Pete Lytell,person
The Beautiful and Damned,Socialismthe,person
The Beautiful and Damned,Bush,person
The Beautiful and Damned,Halloran,person
The Beautiful and Damned,Tony,person
The Beautiful and Damned,Allison,person
The Beautiful and Damned,Pete,person
The Beautiful and Damned,Mr Howland,person
The Beautiful and Damned,Joseph Blackthen,person
The Great Gatsby,Scott Fitzgerald Then,person
The Great Gatsby,Tom Buchanans,person
The Great Gatsby,Tom,person
The Great Gatsby,Tom Buchanan,person
The Great Gatsby,Daisy,person
The Great Gatsby,Baker,person
The Great Gatsby,Nick,person
The Great Gatsby,Miss Baker,person
The Great Gatsby,Jordan,person
The Great Gatsby,dan Baker,person
The Great Gatsby,Doctor,person
The Great Gatsby,Doctor Eckleburg,person
The Great Gatsby,Wilson,person
The Great Gatsby,George Wilson,person
The Great Gatsby,Mrs Wilson,person
The Great Gatsby,John D Rockefeller,person
The Great Gatsby,Catherine,person
The Great Gatsby,Simon Called Peter,person
The Great Gatsby,Simon Called,person
The Great Gatsby,Mrs McKee,person
The Great Gatsby,Ask Myrtle,person
The Great Gatsby,Myrtle Wilson,person
The Great Gatsby,Gilda Gray,person
The Great Gatsby,Jay Gatsby,person
The Great Gatsby,Jordan Baker,person
The Great Gatsby,Roosevelt,person
The Great Gatsby,Mr Gatsby,person
The Great Gatsby,Ladies,person
The Great Gatsby,Vladimir Tostoff,person
The Great Gatsby,Owl Eyes,person
The Great Gatsby,Murray Hill Hotel,person
The Great Gatsby,Doctor Webster Civet,person
The Great Gatsby,Hubert Auerbach,person
The Great Gatsby,Edgar Beaver,person
The Great Gatsby,Clarence Endive,person
The Great Gatsby,Maurice A Flink,person
The Great Gatsby,Newton Orchid,person
The Great Gatsby,Eckhaust,person
The Great Gatsby,Clyde Cohen,person
The Great Gatsby,Don,person
The Great Gatsby,Arthur McCarty,person
The Great Gatsby,Earl Muldoon,person
The Great Gatsby,Ed Legros,person
The Great Gatsby,James B,person
The Great Gatsby,Ernest Lillythey,person
The Great Gatsby,George Duckweed,person
The Great Gatsby,Francis Bull,person
The Great Gatsby,Henry L Palmetto,person
The Great Gatsby,Gloria,person
The Great Gatsby,Judy,person
The Great Gatsby,Brewer,person
The Great Gatsby,Claudia Hip,person
The Great Gatsby,Lewis,person
The Great Gatsby,Earl,person
The Great Gatsby,Mr Wolfshiem,person
The Great Gatsby,Meyer,person
The Great Gatsby,Meyer Wolfshiem,person
The Great Gatsby,Camp Taylor,person
The Great Gatsby,Hello Jordan,person
The Great Gatsby,Barbara Tom,person
The Great Gatsby,Finn,person
The Great Gatsby,Clay,person
The Great Gatsby,Jay,person
The Great Gatsby,Gatsby,person
The Great Gatsby,Ewing,person
The Great Gatsby,James Gatz,person
The Great Gatsby,James Gatzthat,person
The Great Gatsby,Dan Cody,person
The Great Gatsby,Ella Kaye,person
The Great Gatsby,Mr Sloane,person
The Great Gatsby,Tom and Daisy,person
The Great Gatsby,Doc,person
The Great Gatsby,Doctor Civet,person
The Great Gatsby,Mr Thomas Buchanan,person
The Great Gatsby,Aunt Jordan,person
The Great Gatsby,Daddy,person
The Great Gatsby,Eckleburg,person
The Great Gatsby,Bill Biloxi,person
The Great Gatsby,Wait,person
The Great Gatsby,Meyer Wolfshiemthat,person
The Great Gatsby,Walter Chase,person
The Great Gatsby,Walter,person
The Great Gatsby,Michaelis,person
The Great Gatsby,Presently Tom,person
The Great Gatsby,Dan Codytold,person
The Great Gatsby,George,person
The Great Gatsby,Edgar,person
The Great Gatsby,Parke,person
The Great Gatsby,Henry C Gatz,person
The Great Gatsby,James,person
The Great Gatsby,Jimmy,person
The Great Gatsby,830430,person
The Great Gatsby,Paul Railroad,person
Tender is the Night,Mrs McKisco,person
Tender is the Night,Mrs Abrams,person
Tender is the Night,Abe North,person
Tender is the Night,Joyce,person
Tender is the Night,Albert,person
Tender is the Night,Dick Diver,person
Tender is the Night,Earl Brady,person
Tender is the Night,Carnival Song,person
Tender is the Night,Monte Carlobegan,person
Tender is the Night,Nicole Diver,person
Tender is the Night,Dick,person
Tender is the Night,Seraphim Tullio,person
Tender is the Night,Maria Amalia Roto Mais,person
Tender is the Night,Moises Teubel,person
Tender is the Night,Nicole,person
Tender is the Night,Evelyn Oyster,person
Tender is the Night,Dick Diverhe,person
Tender is the Night,Mary North,person
Tender is the Night,Rosemary,person
Tender is the Night,Abe,person
Tender is the Night,Mr Brady,person
Tender is the Night,Connie Talmadge,person
Tender is the Night,Wait,person
Tender is the Night,Brady,person
Tender is the Night,Mrs Speers,person
Tender is the Night,Tommy Barbanhe,person
Tender is the Night,Tommy Barban,person
Tender is the Night,Tommy,person
Tender is the Night,Mr Royal Dumphry,person
Tender is the Night,Barban,person
Tender is the Night,McKiscothus,person
Tender is the Night,Monday Abe,person
Tender is the Night,Luis Campion,person
Tender is the Night,McKisco,person
Tender is the Night,Mrs Speer,person
Tender is the Night,When Abe,person
Tender is the Night,Daddy,person
Tender is the Night,Girl,person
Tender is the Night,Grant,person
Tender is the Night,Lewis,person
Tender is the Night,Carroll,person
Tender is the Night,Jules Verne,person
Tender is the Night,Lawrence,person
Tender is the Night,George,person
Tender is the Night,Mary,person
Tender is the Night,Collis Clay,person
Tender is the Night,If Abe,person
Tender is the Night,Patiently Abe,person
Tender is the Night,Maria Wallis,person
Tender is the Night,Maria,person
Tender is the Night,Collis,person
Tender is the Night,Clay,person
Tender is the Night,Bill Hillis,person
Tender is the Night,Buddy,person
Tender is the Night,James,person
Tender is the Night,Marie Brizard,person
Tender is the Night,Punch Orangeade,person
Tender is the Night,Fernet Branca,person
Tender is the Night,About Maria Wallis,person
Tender is the Night,Roman,person
Tender is the Night,Paul,person
Tender is the Night,Claude,person
Tender is the Night,Paul liked Abe,person
Tender is the Night,Mr North,person
Tender is the Night,Pearson,person
Tender is the Night,Jules Peterson,person
Tender is the Night,Richard Diver,person
Tender is the Night,Mr Peterson,person
Tender is the Night,Freeman,person
Tender is the Night,Peterson,person
Tender is the Night,Resignedly Abe,person
Tender is the Night,Doctor Diver,person
Tender is the Night,Doctor Richard Diver,person
Tender is the Night,Lucky Dick,person
Tender is the Night,Ed Elkins,person
Tender is the Night,ElkinsElkins,person
Tender is the Night,Pete Livingstone,person
Tender is the Night,Franz Gregorovious,person
Tender is the Night,Franz,person
Tender is the Night,Doctor Gregory,person
Tender is the Night,Dohmler,person
Tender is the Night,Joan,person
Tender is the Night,Gregory,person
Tender is the Night,Doctor Dohmler,person
Tender is the Night,Warren,person
Tender is the Night,Mr Warren,person
Tender is the Night,Sherlock Holmes,person
Tender is the Night,Palmer,person
Tender is the Night,Swift,person
Tender is the Night,Doctor,person
Tender is the Night,Frau Gregorovious,person
Tender is the Night,Alexander,person
Tender is the Night,Honestly,person
Tender is the Night,Beth,person
Tender is the Night,Sid Warren,person
Tender is the Night,Warren Wanted,person
Tender is the Night,Byron,person
Tender is the Night,Butterfly,person
Tender is the Night,Nicole Warren,person
Tender is the Night,Strauss,person
Tender is the Night,Baby,person
Tender is the Night,Mad Anthony Wayne40,person
Tender is the Night,Mad Anthony Wayne,person
Tender is the Night,Marshall Field,person
Tender is the Night,Topsy,person
Tender is the Night,Picasso,person
Tender is the Night,Mr McBeth,person
Tender is the Night,Ward McAllister,person
Tender is the Night,Englishman,person
Tender is the Night,Adler,person
Tender is the Night,Lanier,person
Tender is the Night,Doctor Gregorovious,person
Tender is the Night,Doctor Lladislau,person
Tender is the Night,Monsieur,person
Tender is the Night,Msieur,person
Tender is the Night,Mr McKibben,person
Tender is the Night,Holmes,person
Tender is the Night,Albert McKisco,person
Tender is the Night,Sainclair Lewis,person
Tender is the Night,Rosemary Hoyt,person
Tender is the Night,Michael Arlen,person
Tender is the Night,Lord Paley,person
Tender is the Night,Marion Crawford,person
Tender is the Night,Mr Deever,person
Tender is the Night,Doctor Colazzo,person
Tender is the Night,Swanson,person
Tender is the Night,Norma Talmadge,person
Tender is the Night,Francisco,person
Tender is the Night,Royal Dumphry,person
Tender is the Night,Doctor Diverone,person
Tender is the Night,Doctor Dangeu,person
Tender is the Night,Von Cohn Morris,person
Tender is the Night,Von Cohn,person
Tender is the Night,Tony,person
Tender is the Night,Tommy Europeanized,person
Tender is the Night,Ronald Colmanhave,person
Tender is the Night,Caroline SiblyBiers58,person
Tender is the Night,John Held,person
Tender is the Night,Caroline SiblyBiers,person
Tender is the Night,Caroline,person
Tender is the Night,Mary Minghetti,person
Tender is the Night,Charlie,person
Tender is the Night,John D Rockefeller Mellon,person
Tender is the Night,Henry Ford,person
Tender is the Night,Monsieur Gausse,person
Tender is the Night,Gausse,person
Tender is the Night,Johnny Walkair,person
Tender is the Night,Elle,person
Tender is the Night,Doctor Eliot,person
Tender is the Night,Batavia,person
